{
  "AlAs": {
    "rlx-coarse": "done",
    "rlx": {
      "initial_spacegroup": 216,
      "relaxed_spacegroup": 216,
      "total_dV": 0.0006
    },
    "static": {
      "final_energy": -9.3733177,
      "final_energy_pa": -4.68665885
    },
    "bulkmod": {
      "B": 66.823
    },
    "elastic": {
      "B_Reuss": 67.337,
      "B_Voigt": 67.337,
      "B_VRH": 67.337,
      "G_Reuss": 37.927,
      "G_Voigt": 41.548,
      "G_VRH": 39.738,
      "unstable": false,
      "elastic_tensor": [
        [
          103.876,
          49.068,
          49.068,
          -0.0,
          0.0,
          -0.0
        ],
        [
          49.068,
          103.876,
          49.068,
          -0.0,
          -0.0,
          0.0
        ],
        [
          49.068,
          49.068,
          103.876,
          0.0,
          -0.0,
          -0.0
        ],
        [
          -0.0,
          -0.0,
          0.0,
          50.977,
          0.0,
          0.0
        ],
        [
          0.0,
          -0.0,
          -0.0,
          0.0,
          50.977,
          -0.0
        ],
        [
          -0.0,
          0.0,
          -0.0,
          0.0,
          -0.0,
          50.977
        ]
      ],
      "vl": 5.788,
      "vt": 3.326,
      "vs": 3.694
    }
  },
  "AlSb": {
    "rlx-coarse": "done",
    "rlx": {
      "initial_spacegroup": 216,
      "relaxed_spacegroup": 216,
      "total_dV": 0.0008
    },
    "static": {
      "final_energy": -8.1988003,
      "final_energy_pa": -4.09940015
    },
    "bulkmod": {
      "B": 49.085
    },
    "elastic": {
      "B_Reuss": 49.531,
      "B_Voigt": 49.531,
      "B_VRH": 49.531,
      "G_Reuss": 27.594,
      "G_Voigt": 29.896,
      "G_VRH": 28.745,
      "unstable": false,
      "elastic_tensor": [
        [
          76.59,
          36.001,
          36.001,
          0.0,
          0.0,
          -0.0
        ],
        [
          36.001,
          76.59,
          36.001,
          0.0,
          0.0,
          0.0
        ],
        [
          36.001,
          36.001,
          76.59,
          -0.0,
          -0.0,
          0.0
        ],
        [
          0.0,
          0.0,
          -0.0,
          36.297,
          -0.0,
          -0.0
        ],
        [
          0.0,
          0.0,
          -0.0,
          -0.0,
          36.297,
          0.0
        ],
        [
          -0.0,
          0.0,
          0.0,
          -0.0,
          0.0,
          36.297
        ]
      ],
      "vl": 4.641,
      "vt": 2.655,
      "vs": 2.95
    }
  },
  "BAs": {
    "rlx-coarse": "done",
    "rlx": {
      "initial_spacegroup": 216,
      "relaxed_spacegroup": 216,
      "total_dV": 0.0006
    },
    "static": {
      "final_energy": -11.374785,
      "final_energy_pa": -5.6873925
    },
    "bulkmod": {
      "B": 131.098
    },
    "elastic": {
      "B_Reuss": 132.108,
      "B_Voigt": 132.108,
      "B_VRH": 132.108,
      "G_Reuss": 123.08,
      "G_Voigt": 126.92,
      "G_VRH": 125.0,
      "unstable": false,
      "elastic_tensor": [
        [
          266.541,
          64.891,
          64.891,
          0.0,
          -0.0,
          -0.0
        ],
        [
          64.891,
          266.541,
          64.891,
          -0.0,
          0.0,
          0.0
        ],
        [
          64.891,
          64.891,
          266.541,
          0.0,
          0.0,
          0.0
        ],
        [
          0.0,
          -0.0,
          0.0,
          144.317,
          -0.0,
          0.0
        ],
        [
          -0.0,
          0.0,
          0.0,
          -0.0,
          144.317,
          0.0
        ],
        [
          -0.0,
          0.0,
          0.0,
          0.0,
          0.0,
          144.317
        ]
      ],
      "vl": 7.659,
      "vt": 4.954,
      "vs": 5.436
    }
  }
}