{
  "CuO": {
    "rlx-coarse": "done",
    "rlx": {
      "initial_spacegroup": 225,
      "relaxed_spacegroup": 225,
      "total_dV": 0.0286
    },
    "static": {
      "final_energy": -8.1574727,
      "final_energy_pa": -4.07873635,
      "magmom_pa": 0.0001
    },
    "bulkmod": {
      "B": 170.978
    },
    "elastic": {
      "B_Reuss": 176.276,
      "B_Voigt": 176.276,
      "B_VRH": 176.276,
      "G_Reuss": -199.399,
      "G_Voigt": 25.595,
      "G_VRH": -86.902,
      "unstable": true,
      "elastic_tensor": [
        [
          140.551,
          194.138,
          194.138,
          -0.0,
          -0.0,
          0.0
        ],
        [
          194.138,
          140.551,
          194.138,
          -0.0,
          -0.0,
          0.0
        ],
        [
          194.138,
          194.138,
          140.551,
          -0.0,
          0.0,
          0.0
        ],
        [
          -0.0,
          -0.0,
          -0.0,
          60.521,
          0.0,
          0.0
        ],
        [
          -0.0,
          -0.0,
          0.0,
          0.0,
          60.521,
          -0.0
        ],
        [
          0.0,
          0.0,
          0.0,
          -0.0,
          -0.0,
          60.521
        ]
      ],
      "vl": 2.933,
      "vt": NaN,
      "vs": NaN
    }
  },
  "NaCl": {
    "rlx-coarse": "done",
    "rlx": {
      "initial_spacegroup": 225,
      "relaxed_spacegroup": 225,
      "total_dV": 0.0379
    },
    "static": {
      "final_energy": -6.7778924,
      "final_energy_pa": -3.3889462,
      "magmom_pa": null
    },
    "bulkmod": {
      "B": 23.677
    },
    "elastic": {
      "B_Reuss": 24.007,
      "B_Voigt": 24.007,
      "B_VRH": 24.007,
      "G_Reuss": 14.286,
      "G_Voigt": 14.734,
      "G_VRH": 14.51,
      "unstable": false,
      "elastic_tensor": [
        [
          47.998,
          12.011,
          12.011,
          -0.0,
          0.0,
          0.0
        ],
        [
          12.011,
          47.998,
          12.011,
          -0.0,
          0.0,
          0.0
        ],
        [
          12.011,
          12.011,
          47.998,
          -0.0,
          -0.0,
          0.0
        ],
        [
          -0.0,
          -0.0,
          -0.0,
          12.561,
          0.0,
          -0.0
        ],
        [
          0.0,
          0.0,
          -0.0,
          0.0,
          12.561,
          -0.0
        ],
        [
          0.0,
          0.0,
          0.0,
          -0.0,
          -0.0,
          12.561
        ]
      ],
      "vl": 4.545,
      "vt": 2.629,
      "vs": 2.919
    }
  }
}