{
  "CuO": {
    "rlx-coarse": "done",
    "rlx": {
      "initial_spacegroup": 225,
      "relaxed_spacegroup": 225,
      "total_dV": 0.0286
    },
    "static": {
      "final_energy": -8.1574727,
      "final_energy_pa": -4.07873635,
      "magmom_pa": 0.0001
    },
    "bulkmod": {
      "B": 170.978
    },
    "elastic": {
      "B_Reuss": 176.275,
      "B_Voigt": 176.275,
      "B_VRH": 176.275,
      "G_Reuss": -199.401,
      "G_Voigt": 25.595,
      "G_VRH": -86.903,
      "unstable": true,
      "elastic_tensor": [
        [
          140.5505,
          194.1377,
          194.1377,
          -0.0,
          -0.0,
          0.0
        ],
        [
          194.1377,
          140.5505,
          194.1377,
          -0.0,
          -0.0,
          0.0
        ],
        [
          194.1377,
          194.1377,
          140.5505,
          -0.0,
          0.0,
          0.0
        ],
        [
          -0.0,
          -0.0,
          -0.0,
          60.5209,
          0.0,
          0.0
        ],
        [
          -0.0,
          -0.0,
          0.0,
          0.0,
          60.5209,
          -0.0
        ],
        [
          0.0,
          0.0,
          0.0,
          -0.0,
          -0.0,
          60.5209
        ]
      ],
      "vl": 2.933,
      "vt": NaN,
      "vs": NaN
    }
  },
  "NaCl": {
    "rlx-coarse": "done",
    "rlx": {
      "initial_spacegroup": 225,
      "relaxed_spacegroup": 225,
      "total_dV": 0.0379
    },
    "static": {
      "final_energy": -6.7778924,
      "final_energy_pa": -3.3889462,
      "magmom_pa": null
    },
    "bulkmod": {
      "B": 23.677
    },
    "elastic": {
      "B_Reuss": 24.007,
      "B_Voigt": 24.007,
      "B_VRH": 24.007,
      "G_Reuss": 14.286,
      "G_Voigt": 14.734,
      "G_VRH": 14.51,
      "unstable": false,
      "elastic_tensor": [
        [
          47.9984,
          12.0109,
          12.0109,
          -0.0,
          0.0,
          0.0
        ],
        [
          12.0109,
          47.9984,
          12.0109,
          -0.0,
          0.0,
          0.0
        ],
        [
          12.0109,
          12.0109,
          47.9984,
          -0.0,
          -0.0,
          0.0
        ],
        [
          -0.0,
          -0.0,
          -0.0,
          12.5609,
          0.0,
          -0.0
        ],
        [
          0.0,
          0.0,
          -0.0,
          0.0,
          12.5609,
          -0.0
        ],
        [
          0.0,
          0.0,
          0.0,
          -0.0,
          -0.0,
          12.5609
        ]
      ],
      "vl": 4.545,
      "vt": 2.629,
      "vs": 2.919
    }
  }
}