{
  "BCC_Ti": {
    "rlx-coarse": "done",
    "rlx": {
      "initial_spacegroup": 229,
      "relaxed_spacegroup": 229,
      "total_dV": 0.0207
    },
    "static": {
      "final_energy": -7.7249028,
      "final_energy_pa": -7.7249028,
      "magmom_pa": null
    },
    "bulkmod": {
      "B": 105.351
    },
    "elastic": {
      "B_Reuss": 107.547,
      "B_Voigt": 107.547,
      "B_VRH": 107.547,
      "G_Reuss": -11.712,
      "G_Voigt": 26.147,
      "G_VRH": 7.217,
      "unstable": true,
      "elastic_tensor": [
        [
          102.1237,
          110.2586,
          110.2586,
          0.0,
          0.0,
          0.0
        ],
        [
          110.2586,
          102.1237,
          110.2586,
          0.0,
          0.0,
          0.0
        ],
        [
          110.2586,
          110.2586,
          102.1237,
          0.0,
          0.0,
          0.0
        ],
        [
          0.0,
          0.0,
          0.0,
          46.29,
          0.0,
          0.0
        ],
        [
          0.0,
          0.0,
          0.0,
          0.0,
          46.29,
          0.0
        ],
        [
          0.0,
          0.0,
          0.0,
          0.0,
          0.0,
          46.29
        ]
      ],
      "vl": 5.035,
      "vt": 1.25,
      "vs": 1.427
    }
  },
  "Fe": {
    "rlx-coarse": "done",
    "rlx": {
      "initial_spacegroup": 229,
      "relaxed_spacegroup": 229,
      "total_dV": 0.0107
    },
    "static": {
      "final_energy": -8.2423959,
      "final_energy_pa": -8.2423959,
      "magmom_pa": 2.1782
    },
    "bulkmod": {
      "B": 189.453
    },
    "elastic": {
      "B_Reuss": 189.019,
      "B_Voigt": 189.019,
      "B_VRH": 189.019,
      "G_Reuss": 85.019,
      "G_Voigt": 87.29,
      "G_VRH": 86.155,
      "unstable": false,
      "elastic_tensor": [
        [
          283.1571,
          141.9505,
          141.9505,
          0.0,
          0.0,
          0.0
        ],
        [
          141.9505,
          283.1571,
          141.9505,
          0.0,
          0.0,
          0.0
        ],
        [
          141.9505,
          141.9505,
          283.1571,
          0.0,
          0.0,
          0.0
        ],
        [
          0.0,
          0.0,
          0.0,
          98.4151,
          0.0,
          0.0
        ],
        [
          0.0,
          0.0,
          0.0,
          0.0,
          98.4151,
          0.0
        ],
        [
          0.0,
          0.0,
          0.0,
          0.0,
          0.0,
          98.4151
        ]
      ],
      "vl": 6.088,
      "vt": 3.242,
      "vs": 3.622
    }
  },
  "NaCl": {
    "rlx-coarse": "done",
    "rlx": {
      "initial_spacegroup": 225,
      "relaxed_spacegroup": 225,
      "total_dV": 0.0372
    },
    "static": {
      "final_energy": -6.777893,
      "final_energy_pa": -3.3889465,
      "magmom_pa": null
    },
    "bulkmod": {
      "B": 23.675
    },
    "elastic": {
      "B_Reuss": 23.652,
      "B_Voigt": 23.652,
      "B_VRH": 23.652,
      "G_Reuss": 14.111,
      "G_Voigt": 14.544,
      "G_VRH": 14.328,
      "unstable": false,
      "elastic_tensor": [
        [
          47.2927,
          11.8319,
          11.8319,
          0.0,
          0.0,
          0.0
        ],
        [
          11.8319,
          47.2927,
          11.8319,
          0.0,
          0.0,
          0.0
        ],
        [
          11.8319,
          11.8319,
          47.2927,
          0.0,
          0.0,
          0.0
        ],
        [
          0.0,
          0.0,
          0.0,
          12.4205,
          0.0,
          0.0
        ],
        [
          0.0,
          0.0,
          0.0,
          0.0,
          12.4205,
          0.0
        ],
        [
          0.0,
          0.0,
          0.0,
          0.0,
          0.0,
          12.4205
        ]
      ],
      "vl": 4.512,
      "vt": 2.612,
      "vs": 2.899
    }
  },
  "NiO": {
    "rlx-coarse": "done",
    "rlx": {
      "initial_spacegroup": 225,
      "relaxed_spacegroup": 225,
      "total_dV": 0.0196
    },
    "static": {
      "final_energy": -10.139662,
      "final_energy_pa": -5.069831,
      "magmom_pa": 1.0
    },
    "bulkmod": {
      "B": 180.853
    },
    "elastic": {
      "B_Reuss": 182.471,
      "B_Voigt": 182.471,
      "B_VRH": 182.471,
      "G_Reuss": 100.778,
      "G_Voigt": 101.007,
      "G_VRH": 100.893,
      "unstable": false,
      "elastic_tensor": [
        [
          325.0742,
          111.1687,
          111.1687,
          0.0,
          0.0,
          0.0
        ],
        [
          111.1687,
          325.0742,
          111.1687,
          0.0,
          0.0,
          0.0
        ],
        [
          111.1687,
          111.1687,
          325.0742,
          0.0,
          0.0,
          0.0
        ],
        [
          0.0,
          0.0,
          0.0,
          97.0425,
          0.0,
          0.0
        ],
        [
          0.0,
          0.0,
          0.0,
          0.0,
          97.0425,
          0.0
        ],
        [
          0.0,
          0.0,
          0.0,
          0.0,
          0.0,
          97.0425
        ]
      ],
      "vl": 6.868,
      "vt": 3.875,
      "vs": 4.31
    }
  }
}